{"cameraMode":{"drawMode":0,"name":"Shaded","section":"Shading Mode"},"sceneLighting":true,"audioPlay":false,"sceneViewState":{"showFog":true,"showMaterialUpdate":true,"showSkybox":true,"showFlares":true,"showImageEffects":true,"showParticleSystems":true},"in2DMode":false,"pivot":{"x":2.4881467819213869,"y":1.6391650438308716,"z":-0.619021475315094},"rotation":{"x":0.08333483338356018,"y":-0.8367490172386169,"z":0.13288672268390656,"w":0.5247110724449158},"size":2.7425036430358888,"orthographic":true}