{"cameraMode":{"drawMode":0,"name":"Shaded","section":"Shading Mode"},"sceneLighting":true,"audioPlay":false,"sceneViewState":{"showFog":true,"showMaterialUpdate":true,"showSkybox":true,"showFlares":true,"showImageEffects":true,"showParticleSystems":true},"in2DMode":false,"pivot":{"x":1.2353515625,"y":1.57940673828125,"z":-0.89453125},"rotation":{"x":-0.04287242889404297,"y":0.9459193348884583,"z":-0.1400570422410965,"w":-0.2895035743713379},"size":1.2557090520858765,"orthographic":true}