{"cameraMode":{"drawMode":0,"name":"Shaded","section":"Shading Mode"},"sceneLighting":true,"audioPlay":false,"sceneViewState":{"showFog":true,"showMaterialUpdate":true,"showSkybox":true,"showFlares":true,"showImageEffects":true,"showParticleSystems":true},"in2DMode":false,"pivot":{"x":-0.9437255859375,"y":-0.0548095703125,"z":-2.053466796875},"rotation":{"x":0.1090761199593544,"y":-0.889443576335907,"z":0.28541019558906557,"w":0.33998194336891177},"size":2.9671053886413576,"orthographic":true}