{"cameraMode":{"drawMode":0,"name":"Shaded","section":"Shading Mode"},"sceneLighting":true,"audioPlay":false,"sceneViewState":{"showFog":true,"showMaterialUpdate":true,"showSkybox":true,"showFlares":true,"showImageEffects":true,"showParticleSystems":true},"in2DMode":false,"pivot":{"x":1.6285350322723389,"y":2.7414369583129885,"z":0.153845876455307},"rotation":{"x":0.09010223299264908,"y":-0.8685805201530457,"z":0.1715509295463562,"w":0.45617061853408816},"size":2.5125114917755129,"orthographic":true}